id,title,content,user_id
1,John Tucker,Kimberly Butler,6
2,Jesus Strong II,Kevin Perkins,1
3,Debra Thompson,Christina Greene,7
4,Todd Hernandez,Devin Joyce,4
5,Juan Hayes,Aaron Fields,3
6,Brian Coleman,Tricia Hill,3
7,Lauren Rodriguez,David Chan,8
8,Mary Brooks,Ashlee Santos,3
9,Jason Wells,Kristopher Goodman,9
10,Johnny Gray,Denise Clark,4
11,Wesley Cole,Gabriel Dunlap,4
12,Robert Sellers,Jessica Mitchell,10
13,Gary Allen,Christopher May,6
14,Dylan Simmons,Joseph Webb,10
15,Brian Tyler,David Hall,4
16,Nicholas Graves,Kathryn Jackson,8
17,William Alvarez,Steven Williams,5
18,Jennifer Johnson,Monique Monroe,6
19,Brandi Rowe,Danielle Larson,7
20,Nancy Jackson,Jose Collins,5
21,Matthew Garcia,Laura Gray,6
22,Martin Sanchez,Juan Wilson,6
23,Robyn Patterson,Kyle Carter,9
24,Ernest Hart,Daniel Duncan,5
25,Joseph Hayes,Adrian Castaneda,8
26,Jonathan Alexander,Michael Dixon,8
27,Melissa Day,Roger Jones,6
28,Heather Horne,John Lopez,4
29,Joshua Alexander,Angelica Walter,3
30,Jason Simmons,Jasmine Oliver,1
31,Joseph Williams,Amanda White,1
32,Andre Crawford,Jennifer Bowman,2
33,Derek Hancock,Dr. Eric Jones,2
34,William Ruiz,Julie Gilbert,9
35,Joshua Richard,Morgan Salas,1
36,Danny Hudson,Lucas Torres,10
37,Anthony Tucker,Nicole Conner,7
38,Timothy Taylor,Regina Anderson,3
39,Jennifer Castro,Matthew Kelly,8
40,Travis Smith,Jillian Cruz,10
41,Lisa Kane,Dr. Kelly Brown,3
42,Katelyn Watkins,Victoria Richardson,5
43,Taylor Wheeler,Keith Rose,6
44,Amy Davidson,Sharon Taylor,3
45,Brianna Clay,Susan Soto,10
46,Samantha Thompson,Joshua Hill,1
47,Steven Rice,Jonathan Rose,7
48,Stacy Peterson,Martin Tucker,7
49,Bradley Porter,Brandon Smith,9
50,Charles Zamora,Katherine Wilson,10
51,Monica Swanson,Benjamin Gutierrez,4
52,George Knight,Juan Rodriguez,3
53,Becky Bowman,Kathleen Thompson,9
54,Richard Rodriguez,Jasmine Coleman,9
55,Ralph Patel,Kevin Smith,6
56,Colleen Petersen,Tiffany Hernandez,8
57,Matthew Lee,Jon Henry,1
58,Kevin Maldonado,Javier Bishop,4
59,Kathryn Kennedy,Rachel Haley,3
60,William Nguyen,Willie Duke,6
61,James Austin,Emily Munoz,9
62,Christopher Tapia,Whitney Smith,2
63,Jonathan Moreno,Timothy Young,8
64,Christopher Yu,Brandon Norton,3
65,Timothy Taylor,Amanda Baker,10
66,Lori Newton,James Evans,8
67,Michele Young,Lauren Simmons,5
68,Cody Cortez,Mrs. Alyssa Pham,5
69,Brandon Bray,John Fuller,1
70,Dale Ramirez,Andrew Carrillo,8
71,Christine Compton,Tyler Little,3
72,Monica Thomas,Erin Jackson,7
73,Jessica Mcmahon,Michael Ray,2
74,Kendra Miller,David Taylor,5
75,Kayla Jones,Carl Woods,7
76,Jessica Jones,Jennifer Stanton,6
77,Rachel Patton,Donald Welch,8
78,Hector Conrad,Kathy Archer,2
79,Oscar Benson,Sarah Turner,1
80,Elizabeth Jones,Carolyn Pittman,9
81,Henry Anderson,Kristen Moran,4
82,Patricia Gray,Gregory Harvey,6
83,Jacqueline Clark,Daniel Soto,4
84,Alexandria Delgado,Heather Carson,4
85,Sherri Hamilton,Michael Ayala,7
86,Deborah Edwards,Angelica Pope,2
87,Kerri Weaver,Zachary Wagner,10
88,Brandon Moss,Stephanie Lopez,3
89,Allison Hernandez,Daniel Duran,6
90,Melissa Taylor,Christopher Smith,6
91,Joseph Graham,Ethan Johnson,5
92,Jenna Moore,Linda Vargas,6
93,Alan Allen,Kevin Dalton,6
94,Carolyn Brown,Nicole Fowler,4
95,Tyler Frank,Andrew Hoffman,7
96,Christopher Scott,Paul Watson,8
97,Vanessa Maldonado,Curtis Berry,1
98,Jason Moreno,Dwayne Ford,4
99,Lisa Smith,Aaron Brock,7
100,Michelle Waters,Stephen Hernandez,7
