id,name,email,password,date
6261,Shannon Anderson,Angel Holt,Priscilla Chase,2021-05-03
1957,James Griffin,Karen Santana,Jeffery Williams,2003-11-07
3550,Carrie Levy,Kevin Martin,Johnathan Zimmerman,2022-04-24
4802,Morgan Grant,Lisa Harris,Rebecca Bailey,1994-04-08
4144,Crystal Taylor,Mary Arellano,Joseph Rivera,1971-05-23
1762,Brittany Owens,Ashley Lee,Mr. Donald Curtis,1986-01-23
4041,Patrick Navarro,Danny Lopez,Joseph Robertson,1997-04-03
1977,Maureen Baker,Elizabeth Holder,Taylor Fisher,1977-11-13
5676,Amanda Jordan,Sarah Shaw,Tina Willis,2017-06-30
5485,Michele Barry,Catherine Rivera,Laura Stevens,2021-10-25
